name,Score,stderr
FN_ast50,0.05625,0.0139053721633044
FN_ast_exact50,0.05625,0.0139053721633044
FN_phy50,0.23125,0.00998044963916957
