name,Score,stderr
QS_Astral50,13383.1,56.9664330987995
QS_Astral_exact50,13383.1,56.9664330987995
QS_True50,13362.85,57.8091374697807
QS_Phylonet50,13135.95,63.6283142555262
