name,Score,stderr
EL_Phylonet50,218.4,4.13243269757657
EL_True50,451.0,5.07395309398895
EL_Astral_exact50,423.6,64.3194916024684
EL_Astral50,423.6,64.3194916024684
