name,Score,stderr
QS_Astral50,2821123.85,5806.07229126326
QS_True50,2816708.35,5971.32064424403
QS_Phylonet50,2816191.4,6119.79018243273
