name,Score,stderr
EL_Phylonet50,972.3,11.37279648987
EL_True50,1052.3,14.6501023887207
EL_Astral50,1042.3,15.1829015672236
