name,Score,stderr
FN_ast50,0.075,0.00917793163331172
FN_phy50,0.126470588235294,0.00723433757426403
