name,Score,stderr
EL_Phylonet25,108.3,2.20351991141446
EL_True25,225.05,4.0807321646979
EL_Astral_exact25,176.35,12.546368996646
EL_Astral25,176.35,12.546368996646
