name,Score,stderr
QS_Astral25,6695.4,33.1475036767477
QS_Astral_exact25,6695.4,33.1475036767477
QS_True25,6679.45,33.5027965250664
QS_Phylonet25,6591.95,40.8670695670732
