name,Score,stderr
FN_ast25,0.1,0.0189571886101289
FN_ast_exact25,0.1,0.0189571886101289
FN_phy25,0.23125,0.0182752393965168
