name,Score,stderr
QS_Astral5,1438.7,25.3456209235442
QS_Astral_exact5,1438.7,25.3456209235442
QS_True5,1414.15,26.1135285819439
QS_Phylonet5,1430.45,29.8532640593956
