name,Score,stderr
FN_ast5,0.15,0.0313747509950278
FN_ast_exact5,0.15,0.0313747509950278
FN_phy5,0.14375,0.0309674728545937
