name,Score,stderr
EL_Phylonet5,15.6,2.04009803685999
EL_True5,42.65,2.00034372046406
EL_Astral_exact5,31.05,4.02770095712182
EL_Astral5,31.05,4.02770095712182
