name,Score,stderr
QS_Astral200,11586641.45,11554.8708565858
QS_True200,11584969.95,11625.307651085
QS_Phylonet200,11568183.15,11335.6034639262
