name,Score,stderr
EL_Phylonet200,3024.0,15.2517212143417
EL_True200,3139.45,18.3129018727235
EL_Astral200,3143.95,19.3622667836181
