name,Score,stderr
FN_ast200,0.0220588235294118,0.00459191029294
FN_phy200,0.102941176470588,0.00441176470588235
