name,Score,stderr
QS_Astral50,14241.2,67.1368602185119
QS_Astral_exact50,14241.2,67.1368602185119
QS_True50,14241.2,67.1368602185119
QS_Phylonet50,14233.5,68.8425558793396
