name,Score,stderr
EL_Phylonet50,169.9,5.68854111350177
EL_True50,413.55,4.90381229249244
EL_Astral_exact50,306.6,27.8137915430457
EL_Astral50,306.6,27.8137915430457
