name,Score,stderr
QS_Astral400,22534424.55,17335.6557606678
QS_True400,22531906.2,17443.4846274476
QS_Phylonet400,22487163.0,18209.8493191185
