name,Score,stderr
FN_ast400,0.0147058823529412,0.00389081075156557
FN_phy400,0.125,0.00459191029294
