name,Score,stderr
EL_Phylonet400,7929.85,32.061290912875
EL_True400,8544.65,38.0043599472482
EL_Astral400,8551.3,36.3048963639893
