name,Score,stderr
QS_Astral100,28547.9,85.5698807992625
QS_Astral_exact100,28547.9,85.5698807992625
QS_True100,28547.9,85.5698807992625
QS_Phylonet100,28547.9,85.5698807992625
