name,Score,stderr
EL_Phylonet100,335.15,8.58669756076223
EL_True100,817.0,6.10655385630881
EL_Astral_exact100,631.25,107.040386653823
EL_Astral100,631.25,107.040386653823
