name,Score,stderr
EL_Phylonet25,488.15,10.3426966986372
EL_True25,534.3,12.462162733651
EL_Astral25,517.9,12.5582443040419
