name,Score,stderr
QS_Astral25,1414559.25,4564.01296606123
QS_True25,1410250.7,4547.98975598011
QS_Phylonet25,1410127.95,4839.72067606954
