name,Score,stderr
FN_ast25,0.113235294117647,0.00757745472234603
FN_phy25,0.145588235294118,0.00673105440667401
