name,Score,stderr
EL_Phylonet25,32.7,0.919510739469638
EL_True25,32.7,0.919510739469638
EL_Astral_exact25,142.7,27.6116913643478
EL_Astral25,142.7,27.6116913643478
