name,Score,stderr
FN_ast25,0.00625,0.0060917464655056
FN_ast_exact25,0.00625,0.0060917464655056
FN_phy25,0.00625,0.0060917464655056
