name,Score,stderr
QS_Astral25,7708.45,20.4123093989877
QS_Astral_exact25,7708.45,20.4123093989877
QS_True25,7708.25,20.5579516246147
QS_Phylonet25,7708.45,20.4123093989877
