name,Score,stderr
FN_ast200,0.0632352941176471,0.00812824329731499
FN_phy200,0.214705882352941,0.00469668218313862
