name,Score,stderr
EL_Phylonet200,5918.5,28.26866639939
EL_True200,6708.55,43.3053966036567
EL_Astral200,6485.1,75.1589615415221
