name,Score,stderr
QS_Astral200,10561825.45,16244.9518988939
QS_True200,10557321.6,16185.2134866056
QS_Phylonet200,10491273.0,19153.7362271699
