name,Score,stderr
QS_Astral50,16269.9,15.6028683260483
QS_Astral_exact50,16269.9,15.6028683260483
QS_True50,16269.9,15.6028683260483
QS_Phylonet50,16269.9,15.6028683260483
