name,Score,stderr
EL_Phylonet50,14.5,0.939414711402797
EL_True50,14.5,0.939414711402797
EL_Astral_exact50,227.7,51.699037708646
EL_Astral50,227.7,51.699037708646
