name,Score,stderr
QS_Astral25,7152.6,41.2347183814804
QS_Astral_exact25,7152.6,41.2347183814804
QS_True25,7152.6,41.2347183814804
QS_Phylonet25,7134.6,47.6047476623918
