name,Score,stderr
EL_Phylonet25,81.85,3.5194282206063
EL_True25,204.0,2.83548937575157
EL_Astral_exact25,162.8,28.5873748357557
EL_Astral25,162.8,28.5873748357557
