name,Score,stderr
FN_ast5,0.0625,0.0139754248593737
FN_ast_exact5,0.0625,0.0139754248593737
FN_phy5,0.06875,0.0139053721633044
