name,Score,stderr
QS_Astral5,1536.8,6.85769640622855
QS_Astral_exact5,1536.8,6.85769640622855
QS_True5,1528.0,7.27323861838727
QS_Phylonet5,1536.8,6.85769640622855
