name,Score,stderr
EL_Phylonet5,6.65,0.362456893988789
EL_True5,7.15,0.395442789793922
EL_Astral_exact5,13.7,2.26506070558826
EL_Astral5,13.7,2.26506070558826
