name,Score,stderr
QS_Astral100,5636032.85,8878.54388547892
QS_True100,5630260.55,8964.55334092976
QS_Phylonet100,5622636.4,8698.18012557799
