name,Score,stderr
FN_ast100,0.0705882352941176,0.0076130465326734
FN_phy100,0.125,0.00504092250029489
