name,Score,stderr
EL_Phylonet100,1970.3,16.3949839890132
EL_True100,2129.0,21.4168158230863
EL_Astral100,2104.1,23.1615953681952
