name,Score,stderr
FN_ast200,0.0132352941176471,0.00387689009601884
FN_phy200,0.0676470588235294,0.00469668218313862
