name,Score,stderr
EL_Phylonet200,2426.35,9.12202691291798
EL_True200,2484.6,10.8502073712902
EL_Astral200,2484.8,12.7899569975821
