name,Score,stderr
QS_Astral200,11746203.5,11179.9635939702
QS_True200,11744078.75,11300.0549033788
QS_Phylonet200,11731108.6,12002.9925702718
