name,Score,stderr
QS_Astral15,4311.4,36.3365793657025
QS_Astral_exact15,4311.4,36.3365793657025
QS_True15,4302.9,36.5883109749548
QS_Phylonet15,4309.55,36.8611228125243
