name,Score,stderr
EL_Phylonet15,49.1,3.20694558731513
EL_True15,122.65,3.27740369805125
EL_Astral_exact15,79.35,6.11811858335551
EL_Astral15,79.35,6.11811858335551
