name,Score,stderr
FN_ast15,0.03125,0.0121030729568982
FN_ast_exact15,0.03125,0.0121030729568982
FN_phy15,0.03125,0.0121030729568982
