name,Score,stderr
QS_Astral400,23314610.0,25072.7377623585
QS_True400,23314499.8,25106.4656631713
QS_Phylonet400,23285228.3,28832.5131801062
