name,Score,stderr
FN_ast400,0.00588235294117647,0.00372032665902162
FN_phy400,0.0764705882352941,0.00852433926246437
