name,Score,stderr
EL_Phylonet400,5575.9,24.2550819417292
EL_True400,5730.8,26.3400075930133
EL_Astral400,5707.2,28.3562338825169
