name,Score,stderr
EL_Phylonet100,29.25,1.22652965720361
EL_True100,29.25,1.22652965720361
EL_Astral_exact100,375.9,99.9482090885074
EL_Astral100,375.9,99.9482090885074
