name,Score,stderr
QS_Astral100,32536.9,19.0931794104596
QS_Astral_exact100,32536.9,19.0931794104596
QS_True100,32536.9,19.0931794104596
QS_Phylonet100,32536.9,19.0931794104596
