name,Score,stderr
EL_Phylonet200,5617.1,25.9736308590078
EL_True200,6003.55,36.1965796036034
EL_Astral200,6050.0,40.5797363224553
