name,Score,stderr
QS_Astral200,10007425.55,19043.5310419936
QS_True200,10003929.55,19160.5876400588
QS_Phylonet200,9970770.0,19309.0623295125
