name,Score,stderr
EL_Phylonet100,128.5,2.27431308310883
EL_True100,128.5,2.27431308310883
EL_Astral_exact100,560.25,98.8557503385615
EL_Astral100,560.25,98.8557503385615
