name,Score,stderr
QS_Astral100,30844.25,47.9189876249488
QS_Astral_exact100,30844.25,47.9189876249488
QS_True100,30844.25,47.9189876249488
QS_Phylonet100,30844.25,47.9189876249488
