name,Score,stderr
EL_Phylonet100,441.45,5.11149439987955
EL_True100,903.7,6.94877687078812
EL_Astral_exact100,689.7,44.4616182791405
EL_Astral100,689.7,44.4616182791405
