name,Score,stderr
QS_Astral100,26705.4,84.0761083780642
QS_Astral_exact100,26705.4,84.0761083780642
QS_True100,26686.55,85.3043807491737
QS_Phylonet100,26180.65,110.768255267473
