name,Score,stderr
FN_ast100,0.04375,0.0159956048650872
FN_ast_exact100,0.04375,0.0159956048650872
FN_phy100,0.24375,0.0060917464655056
