name,Score,stderr
EL_Phylonet15,59.85,1.33468160997296
EL_True15,130.55,1.85940178552135
EL_Astral_exact15,102.8,7.78318700790364
EL_Astral15,102.8,7.78318700790364
