name,Score,stderr
FN_ast15,0.13125,0.0224913177693082
FN_ast_exact15,0.13125,0.0224913177693082
FN_phy15,0.2375,0.0214694550466471
