name,Score,stderr
QS_Astral15,4068.25,18.2592271194594
QS_Astral_exact15,4068.25,18.2592271194594
QS_True15,4042.9,21.1218962216937
QS_Phylonet15,4030.85,21.7137370113944
