name,Score,stderr
FN_ast200,0.0510835913312694,0.00529135827965766
FN_phy200,0.205882352941176,0.00588235294117647
