name,Score,stderr
QS_Astral15,4871.3,8.63397359273237
QS_Astral_exact15,4871.3,8.63397359273237
QS_True15,4871.3,8.63397359273237
QS_Phylonet15,4871.3,8.63397359273237
