name,Score,stderr
EL_Phylonet15,4.8,0.487852436706019
EL_True15,4.8,0.487852436706019
EL_Astral_exact15,58.15,13.9530059485403
EL_Astral15,58.15,13.9530059485403
