name,Score,stderr
EL_Phylonet15,18.2,0.730068489937759
EL_True15,18.95,0.776128211057941
EL_Astral_exact15,65.95,12.2450959571577
EL_Astral15,65.95,12.2450959571577
