name,Score,stderr
FN_ast15,0.0625,0.0165359456941537
FN_ast_exact15,0.0625,0.0165359456941537
FN_phy15,0.0625,0.0165359456941537
