name,Score,stderr
QS_Astral15,4637.9,15.0003166633241
QS_Astral_exact15,4637.9,15.0003166633241
QS_True15,4619.5,17.5800312855239
QS_Phylonet15,4637.9,15.0003166633241
