name,Score,stderr
QS_Astral200,11658445.25,11249.960076568
QS_True200,11657249.9,11378.190146482
QS_Phylonet200,11645163.15,11834.2344290357
