name,Score,stderr
EL_Phylonet200,2783.3,13.2915574708158
EL_True200,2865.4,15.2299704530245
EL_Astral200,2865.05,16.6786502751272
