name,Score,stderr
FN_ast200,0.0176470588235294,0.00383482494423685
FN_phy200,0.0852941176470588,0.00505163648156402
