name,Score,stderr
EL_Phylonet25,7.1,0.479061582680139
EL_True25,7.1,0.479061582680139
EL_Astral_exact25,82.75,26.3129127046019
EL_Astral25,82.75,26.3129127046019
