name,Score,stderr
QS_Astral25,8138.8,7.16435621671619
QS_Astral_exact25,8138.8,7.16435621671619
QS_True25,8138.8,7.16435621671619
QS_Phylonet25,8138.8,7.16435621671619
