name,Score,stderr
EL_Phylonet200,3156.1,19.0114307720382
EL_True200,3464.85,24.4016674635157
EL_Astral200,3415.9,27.5165313947816
