name,Score,stderr
FN_ast200,0.025,0.00477658287320933
FN_phy200,0.116176470588235,0.00387689009601884
