name,Score,stderr
QS_Astral200,11944654.4,9079.93399684161
QS_True200,11943759.05,9108.72310493491
QS_Phylonet200,11919007.15,8492.01117441416
