name,Score,stderr
EL_Phylonet800,15871.05,45.3949597973167
EL_True800,17084.45,52.1565659816672
EL_Astral800,17099.6,52.9995943380702
