name,Score,stderr
FN_ast800,0.00735294117647059,0.00284778187221134
FN_phy800,0.123529411764706,0.00335345713264452
