name,Score,stderr
QS_Astral800,45096874.45,25257.6373263093
QS_True800,45096639.8,25249.6209750364
QS_Phylonet800,44996519.2,27012.7969224403
