name,Score,stderr
EL_Phylonet5,21.15,0.852276363628606
EL_True5,50.7,2.5050948085851
EL_Astral_exact5,36.1,4.5082701782391
EL_Astral5,35.95,4.50581568642127
