name,Score,stderr
FN_ast5,0.2875,0.0415519253464867
FN_ast_exact5,0.2875,0.0415519253464867
FN_phy5,0.26875,0.0356578795639898
