name,Score,stderr
QS_Astral5,1430.55,72.665482692954
QS_Astral_exact5,1430.55,72.665482692954
QS_True5,1390.4,69.1357505202627
QS_Phylonet5,1416.1,73.6512695070492
