name,Score,stderr
QS_Astral5,1630.4,4.32573693143723
QS_Astral_exact5,1630.4,4.32573693143723
QS_True5,1630.4,4.32573693143723
QS_Phylonet5,1630.4,4.32573693143723
