name,Score,stderr
QS_Astral50,15412.55,31.9081082955414
QS_Astral_exact50,15412.55,31.9081082955414
QS_True50,15412.55,31.9081082955414
QS_Phylonet50,15412.55,31.9081082955414
