name,Score,stderr
EL_Phylonet50,64.9,1.50316333111209
EL_True50,64.9,1.50316333111209
EL_Astral_exact50,268.5,55.5841029431977
EL_Astral50,268.5,55.5841029431977
